26/10/2019, 18 20 22 50 51 53 35
24/10/2019, 09 14 23 41 45 50 13
22/10/2019, 02 16 26 27 36 40 31
19/10/2019, 01 10 21 26 42 43 25
17/10/2019, 05 11 14 34 51 53 16
15/10/2019, 09 12 29 46 48 53 03
12/10/2019, 21 39 48 51 53 55 05
10/10/2019, 04 17 42 51 53 55 29
08/10/2019, 08 36 39 43 48 50 40
05/10/2019, 10 29 30 31 37 51 50
03/10/2019, 04 07 08 26 37 44 29
01/10/2019, 05 22 38 41 47 49 29
28/09/2019, 04 08 21 23 40 43 44
26/09/2019, 07 12 38 43 51 55 15
24/09/2019, 12 33 39 40 48 53 35
21/09/2019, 02 05 23 30 42 45 34
19/09/2019, 02 08 22 34 39 41 13
17/09/2019, 03 14 26 38 43 47 10
14/09/2019, 10 36 42 44 45 54 14
12/09/2019, 18 29 32 33 45 49 40
10/09/2019, 06 09 19 39 50 54 37
07/09/2019, 07 17 31 35 38 46 16
05/09/2019, 20 24 27 30 33 45 21
03/09/2019, 13 14 29 35 41 55 25
31/08/2019, 13 20 23 32 51 52 42
29/08/2019, 10 11 12 23 27 48 09
27/08/2019, 16 22 29 33 46 47 55
24/08/2019, 19 20 34 40 49 51 01
22/08/2019, 04 07 16 17 30 39 27
20/08/2019, 10 30 38 48 54 55 46
17/08/2019, 09 11 24 26 38 53 41
15/08/2019, 19 25 31 32 39 47 08
13/08/2019, 04 08 16 27 32 40 23
10/08/2019, 07 17 36 42 43 50 44
08/08/2019, 01 06 17 18 21 41 22
06/08/2019, 09 11 19 20 26 42 17
03/08/2019, 13 24 25 26 27 30 04
01/08/2019, 01 18 39 45 48 49 26
30/07/2019, 03 08 12 21 32 51 07
27/07/2019, 02 03 25 33 44 50 17
25/07/2019, 03 31 34 41 52 53 16
23/07/2019, 05 10 21 32 39 52 41
20/07/2019, 15 18 25 32 42 52 10
18/07/2019, 04 24 29 31 39 41 38
16/07/2019, 04 12 19 31 33 40 51
13/07/2019, 05 23 29 45 50 52 01
11/07/2019, 06 09 15 26 35 38 34
09/07/2019, 04 17 25 40 42 51 02
06/07/2019, 05 29 36 39 46 53 48
04/07/2019, 04 05 14 46 52 54 03
02/07/2019, 02 09 33 45 52 54 01
29/06/2019, 06 10 19 31 34 43 37
27/06/2019, 09 29 32 44 49 53 05
25/06/2019, 03 14 34 35 40 49 23
22/06/2019, 01 09 23 28 42 54 49
20/06/2019, 09 15 23 41 49 51 52
18/06/2019, 24 31 45 46 47 54 04
15/06/2019, 13 23 40 45 52 55 09
13/06/2019, 06 09 15 22 29 53 25
11/06/2019, 02 05 13 20 30 49 35
08/06/2019, 02 08 10 23 27 35 47
06/06/2019, 10 13 30 36 51 54 16
04/06/2019, 18 20 24 26 33 41 55
01/06/2019, 10 24 31 41 42 47 20
30/05/2019, 17 31 33 34 37 40 35
28/05/2019, 15 22 31 32 33 37 51
25/05/2019, 04 12 35 44 50 55 19
23/05/2019, 13 21 33 42 53 55 44
21/05/2019, 11 12 29 31 37 53 41
18/05/2019, 06 10 13 18 29 38 53
16/05/2019, 08 28 30 33 40 43 24
14/05/2019, 06 11 15 21 30 40 10
11/05/2019, 06 11 20 22 26 28 36
09/05/2019, 19 21 48 49 54 55 27
07/05/2019, 03 06 07 08 09 49 24
04/05/2019, 01 02 03 17 26 53 50
02/05/2019, 02 10 16 17 33 36 20
30/04/2019, 03 05 13 40 41 45 52
27/04/2019, 01 11 22 26 33 51 04
25/04/2019, 16 22 23 33 36 38 45
23/04/2019, 20 21 22 31 43 45 30
20/04/2019, 08 10 12 24 40 44 51
18/04/2019, 07 08 15 24 26 48 10
16/04/2019, 16 29 32 33 52 53 05
13/04/2019, 09 13 20 21 36 43 32
11/04/2019, 01 08 31 32 37 55 53
09/04/2019, 10 14 19 36 48 49 03
06/04/2019, 01 20 30 41 46 50 48
04/04/2019, 16 26 29 38 47 51 13
02/04/2019, 01 04 09 20 22 26 48
30/03/2019, 03 15 18 35 50 54 32
28/03/2019, 03 23 37 43 44 49 27
26/03/2019, 15 19 28 40 44 48 14
23/03/2019, 03 09 30 41 46 52 22
21/03/2019, 07 18 32 42 46 53 28
19/03/2019, 08 28 32 35 40 45 34
16/03/2019, 10 18 22 24 35 40 53
14/03/2019, 18 21 25 35 44 53 04
12/03/2019, 09 16 26 34 44 49 19
09/03/2019, 18 24 31 34 35 44 52
07/03/2019, 02 14 20 33 41 47 27
05/03/2019, 01 15 23 51 53 55 26
02/03/2019, 01 02 03 20 46 48 31
28/02/2019, 04 15 19 34 40 42 49
26/02/2019, 08 09 16 34 42 43 45
23/02/2019, 16 19 30 39 43 52 21
21/02/2019, 03 10 11 15 29 34 50
19/02/2019, 12 18 22 29 32 52 51
16/02/2019, 05 08 14 28 37 40 41
14/02/2019, 08 15 26 41 43 53 46
12/02/2019, 01 12 17 34 48 49 47
09/02/2019, 02 14 15 44 46 50 18
07/02/2019, 20 27 28 32 47 50 41
02/02/2019, 11 23 27 35 36 46 37
31/01/2019, 10 19 20 28 34 44 29
29/01/2019, 15 20 26 41 45 55 10
26/01/2019, 20 27 33 43 53 54 48
24/01/2019, 31 35 38 44 49 55 24
22/01/2019, 01 14 22 40 52 55 21
19/01/2019, 13 29 42 46 51 53 36
17/01/2019, 13 14 22 34 35 55 54
15/01/2019, 04 06 13 22 29 30 52
12/01/2019, 07 13 14 26 42 54 11
10/01/2019, 12 22 31 35 40 47 08
08/01/2019, 03 05 09 11 45 48 40
05/01/2019, 10 11 38 47 53 55 51
03/01/2019, 23 31 37 45 49 54 18
01/01/2019, 02 19 21 27 37 46 12
29/12/2018, 08 36 42 43 50 52 30
27/12/2018, 05 20 33 42 43 50 40
25/12/2018, 03 09 17 21 23 51 15
22/12/2018, 03 08 16 35 39 52 29
20/12/2018, 08 17 24 33 34 44 55
18/12/2018, 01 09 15 17 25 26 08
15/12/2018, 14 17 49 52 53 55 12
13/12/2018, 02 11 14 36 49 55 53
11/12/2018, 01 05 11 37 39 44 31
08/12/2018, 03 06 09 31 48 54 53
06/12/2018, 09 13 23 27 39 42 49
04/12/2018, 10 13 16 23 30 49 24
01/12/2018, 03 05 12 20 25 33 41
29/11/2018, 10 23 27 42 51 52 20
27/11/2018, 03 05 23 28 35 44 08
24/11/2018, 03 10 11 25 40 54 17
22/11/2018, 17 22 24 28 37 44 06
20/11/2018, 09 23 33 40 44 49 17
17/11/2018, 12 22 26 29 45 47 15
15/11/2018, 13 16 21 40 49 52 54
13/11/2018, 03 25 26 32 41 47 05
10/11/2018, 03 05 19 22 29 39 15
08/11/2018, 22 28 31 39 52 53 14
06/11/2018, 19 22 23 43 47 53 03
03/11/2018, 14 17 20 23 25 45 34
01/11/2018, 03 11 15 42 44 54 41
30/10/2018, 01 12 22 27 30 39 46
27/10/2018, 08 09 15 21 44 49 16
25/10/2018, 16 23 29 31 45 48 19
23/10/2018, 01 03 06 13 21 30 36
20/10/2018, 02 05 10 17 35 41 21
18/10/2018, 01 11 22 34 42 47 30
27/09/2018, 08 12 29 35 51 54 34
25/09/2018, 02 03 06 13 14 17 09
22/09/2018, 01 08 17 28 40 50 21
20/09/2018, 03 32 35 46 47 49 51
18/09/2018, 08 21 32 43 48 53 38
15/09/2018, 02 05 28 30 46 50 49
13/09/2018, 04 06 07 26 40 44 09
11/09/2018, 13 17 28 42 45 49 50
08/09/2018, 09 11 12 24 35 43 15
06/09/2018, 04 11 15 21 24 27 07
04/09/2018, 08 18 20 29 34 37 51
01/09/2018, 02 08 20 21 28 36 05
30/08/2018, 05 22 28 42 49 54 36
28/08/2018, 02 10 15 31 39 48 23
25/08/2018, 10 11 15 32 40 48 27
23/08/2018, 14 18 27 38 39 53 02
21/08/2018, 09 12 14 23 32 46 31
18/08/2018, 07 33 36 39 51 55 11
16/08/2018, 06 10 34 46 48 51 47
14/08/2018, 29 30 36 38 45 52 46
11/08/2018, 16 17 31 33 42 44 14
09/08/2018, 24 29 32 33 49 55 09
07/08/2018, 03 09 15 20 39 49 04
04/08/2018, 11 12 24 32 41 48 03
02/08/2018, 06 11 16 17 41 55 07
31/07/2018, 01 05 27 31 47 50 41
28/07/2018, 11 16 22 25 30 40 09
26/07/2018, 21 24 33 37 40 46 52
24/07/2018, 11 18 34 37 50 53 20
21/07/2018, 07 31 33 37 46 52 28
19/07/2018, 11 13 28 34 44 47 10
17/07/2018, 05 14 22 27 31 40 48
14/07/2018, 04 19 23 34 38 50 01
12/07/2018, 08 15 18 21 24 49 22
10/07/2018, 06 10 16 20 27 29 24
07/07/2018, 02 30 45 48 49 53 41
05/07/2018, 04 15 22 24 43 51 48
03/07/2018, 30 32 34 47 48 49 50
30/06/2018, 03 12 23 24 30 33 01
28/06/2018, 11 31 33 43 48 51 23
26/06/2018, 17 18 21 39 40 43 03
23/06/2018, 06 08 13 23 46 55 01
21/06/2018, 02 08 19 23 25 33 32
19/06/2018, 16 17 31 37 41 52 34
16/06/2018, 14 15 21 30 44 47 48
14/06/2018, 03 15 32 45 48 54 55
12/06/2018, 04 13 23 27 29 35 14
09/06/2018, 09 23 25 39 52 53 38
07/06/2018, 11 16 18 26 46 47 42
05/06/2018, 11 21 26 32 51 52 05
02/06/2018, 05 07 17 22 32 33 06
31/05/2018, 03 15 18 25 26 29 19
29/05/2018, 09 13 17 18 46 50 26
26/05/2018, 07 12 28 31 40 44 15
24/05/2018, 24 25 26 29 36 48 40
22/05/2018, 04 05 08 17 35 47 39
19/05/2018, 33 35 45 52 53 55 25
17/05/2018, 13 31 38 45 53 55 46
15/05/2018, 03 06 29 37 44 49 24
12/05/2018, 01 09 26 38 54 55 51
10/05/2018, 02 06 08 34 39 43 11
08/05/2018, 03 16 23 24 38 42 48
05/05/2018, 16 32 33 37 40 48 15
03/05/2018, 23 27 33 37 39 49 44
01/05/2018, 01 07 20 23 25 38 14
28/04/2018, 12 19 22 29 32 46 25
26/04/2018, 23 26 29 31 36 54 55
24/04/2018, 17 18 24 40 41 46 06
21/04/2018, 16 18 41 43 46 55 35
19/04/2018, 04 17 19 35 49 55 09
17/04/2018, 02 10 26 27 31 38 39
14/04/2018, 02 10 14 26 45 54 20
12/04/2018, 04 29 35 37 42 54 19
10/04/2018, 01 22 25 31 36 48 41
07/04/2018, 12 24 33 34 36 53 05
05/04/2018, 07 09 17 25 31 32 06
03/04/2018, 20 21 39 42 51 53 01
31/03/2018, 03 07 31 43 51 53 26
29/03/2018, 05 27 35 39 46 52 31
27/03/2018, 09 13 14 15 54 55 22
24/03/2018, 01 30 38 45 48 50 12
22/03/2018, 01 08 24 33 34 41 20
20/03/2018, 11 40 43 46 49 55 37
17/03/2018, 03 14 28 35 50 52 29
15/03/2018, 15 20 23 28 39 49 19
13/03/2018, 01 02 17 46 47 49 44
10/03/2018, 09 20 27 31 48 49 42
08/03/2018, 14 17 18 23 41 52 40
06/03/2018, 02 06 13 22 40 48 12
03/03/2018, 04 10 32 37 47 52 49
01/03/2018, 04 05 07 17 20 38 09
27/02/2018, 08 16 23 28 44 49 45
24/02/2018, 05 07 24 32 45 49 01
22/02/2018, 11 14 32 36 42 48 20
20/02/2018, 01 02 21 24 50 52 33
17/02/2018, 16 22 28 29 35 43 45
13/02/2018, 09 25 26 30 42 54 19
10/02/2018, 08 10 19 25 36 46 07
08/02/2018, 21 22 29 37 41 50 33
06/02/2018, 01 20 29 31 43 53 16
03/02/2018, 12 29 42 48 54 55 18
01/02/2018, 01 07 08 09 39 43 52
30/01/2018, 15 19 24 51 53 55 29
27/01/2018, 21 26 36 38 40 50 11
25/01/2018, 01 10 30 44 45 50 04
23/01/2018, 03 10 15 23 41 53 35
20/01/2018, 02 07 15 16 41 45 19
18/01/2018, 12 24 28 30 36 39 15
16/01/2018, 06 27 33 41 42 49 22
13/01/2018, 03 21 25 26 51 55 37
11/01/2018, 04 07 30 35 37 45 01
09/01/2018, 18 25 28 46 50 51 15
06/01/2018, 04 11 24 35 41 45 17
04/01/2018, 01 07 31 35 46 55 51
02/01/2018, 04 07 08 34 37 47 24
30/12/2017, 08 09 36 37 39 50 07
28/12/2017, 07 18 26 29 31 35 34
26/12/2017, 07 11 13 18 26 42 49
23/12/2017, 07 08 09 13 28 44 12
21/12/2017, 22 23 27 35 37 46 19
19/12/2017, 02 03 20 25 38 44 12
16/12/2017, 05 23 37 41 43 53 25
14/12/2017, 11 12 22 28 46 50 07
12/12/2017, 06 07 08 21 32 39 27
09/12/2017, 05 34 35 42 49 52 21
07/12/2017, 03 14 26 35 44 54 25
05/12/2017, 27 38 40 42 46 55 05
02/12/2017, 09 37 45 50 53 54 40
30/11/2017, 05 13 26 37 53 55 28
28/11/2017, 02 19 39 49 51 53 20
25/11/2017, 02 09 16 46 52 55 50
23/11/2017, 01 02 03 18 25 50 14
21/11/2017, 05 08 23 37 38 54 55
18/11/2017, 11 12 26 42 50 54 17
16/11/2017, 01 16 22 25 47 48 21
14/11/2017, 20 24 29 41 47 49 22
11/11/2017, 12 26 33 35 36 44 01
09/11/2017, 02 03 06 23 34 36 50
07/11/2017, 19 32 36 37 42 54 28
04/11/2017, 02 08 12 44 46 52 09
02/11/2017, 03 09 12 21 51 52 07
31/10/2017, 07 13 24 45 47 52 33
28/10/2017, 13 18 35 36 41 48 47
26/10/2017, 02 10 15 30 34 50 03
24/10/2017, 01 02 09 13 32 35 52
21/10/2017, 04 09 13 16 18 49 30
19/10/2017, 06 15 17 24 40 45 39
17/10/2017, 01 26 36 40 50 54 31
14/10/2017, 14 18 29 35 44 49 54
12/10/2017, 05 08 11 31 37 42 52
10/10/2017, 29 33 43 44 45 50 41
07/10/2017, 31 34 40 42 43 49 16
